{
	"entities": [
		{
			"key": "@0xa513edc96f1a2383",
			"classname": "ReservasPerfilCO",
			"tablename": "RESERVAS_PERFIL",
			"owner": "public",
			"attributes": [
				{
					"name": "id",
					"type": "int32",
					"namedb": "id",
					"nullable": "false",
					"primaryKey": "true"
				},
				{
					"name": "tipo",
					"type": "int32",
					"namedb": "tipo",
					"nullable": "false",
					"primaryKey": "false"
				},
				{
					"name": "agenciaId",
					"type": "int32",
					"namedb": "agencia_id",
					"nullable": "true",
					"primaryKey": "false"
				},
				{
					"name": "reservaId",
					"type": "int32",
					"namedb": "reserva_id",
					"nullable": "false",
					"primaryKey": "false"
				}
			],
			"dependencies": []
		}
	]
}