{
	"entities": [
		{
			"key": "@0xa1b8d282c71f7873",
			"classname": "ReservasVentajaexclusivaCO",
			"tablename": "RESERVAS_VENTAJAEXCLUSIVA",
			"owner": "public",
			"attributes": [
				{
					"name": "id",
					"type": "int32",
					"namedb": "id",
					"nullable": "false",
					"primaryKey": "true"
				},
				{
					"name": "cadenaId",
					"type": "int32",
					"namedb": "cadena_id",
					"nullable": "false",
					"primaryKey": "false"
				},
				{
					"name": "titulo",
					"type": "string",
					"namedb": "titulo",
					"nullable": "false",
					"primaryKey": "false"
				},
				{
					"name": "activo",
					"type": "bool",
					"namedb": "activo",
					"nullable": "false",
					"primaryKey": "false"
				},
				{
					"name": "desde",
					"type": "int64",
					"namedb": "desde",
					"nullable": "true",
					"primaryKey": "false"
				},
				{
					"name": "hasta",
					"type": "int64",
					"namedb": "hasta",
					"nullable": "true",
					"primaryKey": "false"
				}
			],
			"dependencies": []
		}
	]
}
